,summa_qa_avg_prob,summa_qa_avg_fscore,blanc_help,blanc_tune
random_summary,0.16329679794609547,0.15155555555555555,0.27129337539432175,0.12302839116719243
luhn_summary,0.24396957565099,0.3315555555555556,0.2870662460567823,0.17665615141955837
kl_summary,0.0886617784947157,0.08363636363636363,0.26498422712933756,0.15772870662460567
reduction_summary,0.3891822964325547,0.4435555555555556,0.2586750788643533,0.1829652996845426
text_rank_summary,0.3483168593049049,0.3925665445665446,0.305993690851735,0.22082018927444794
lex_rank_summary,0.10759172365069389,0.10170940170940171,0.2996845425867508,0.13249211356466878
lsa_summary,0.1568837120383978,0.13866666666666666,0.277602523659306,0.1829652996845426
