,summa_qa_avg_prob,summa_qa_avg_fscore,blanc_help,blanc_tune
random_summary,0.16568691738482033,0.29783549783549784,0.1888111888111888,0.15384615384615385
luhn_summary,0.14375936917162369,0.2994227994227994,0.21678321678321677,0.17132867132867133
kl_summary,0.14322885079309344,0.2516939224849975,0.20279720279720279,0.15734265734265734
reduction_summary,0.20878365807501334,0.407041847041847,0.2517482517482518,0.22377622377622378
text_rank_summary,0.16302961447675313,0.3556132756132756,0.2867132867132867,0.24825174825174826
lex_rank_summary,0.18522403806980167,0.35345863076413364,0.2517482517482518,0.22727272727272727
lsa_summary,0.2197904983535409,0.472108843537415,0.22727272727272727,0.20279720279720279
