,summa_qa_avg_prob,summa_qa_avg_fscore,blanc_help,blanc_tune
random_summary,0.19999361002762148,0.36025517669271195,0.21843003412969283,0.24914675767918087
luhn_summary,0.19818693906096602,0.31942576019334074,0.2525597269624573,0.24914675767918087
kl_summary,0.18292007143539724,0.3573228116118503,0.24573378839590443,0.24232081911262798
reduction_summary,0.19083057337704656,0.32384849943829236,0.24573378839590443,0.23890784982935154
text_rank_summary,0.21538647913387907,0.3665110619757452,0.28668941979522183,0.2593856655290102
lex_rank_summary,0.2022440214919399,0.32912654469587543,0.18430034129692832,0.18771331058020477
lsa_summary,0.19063598946181695,0.3181949636267232,0.2935153583617747,0.2593856655290102
