,summa_qa_avg_prob,summa_qa_avg_fscore,blanc_help,blanc_tune
random_summary,0.15088083452752066,0.21673231961871697,0.24496644295302014,0.18456375838926176
luhn_summary,0.19252135302586895,0.3068634960029576,0.2348993288590604,0.2181208053691275
kl_summary,0.13769906031019571,0.22024281061637385,0.2516778523489933,0.21140939597315436
reduction_summary,0.20868286801204602,0.3249961868053973,0.1912751677852349,0.1610738255033557
text_rank_summary,0.21377866362389694,0.29268576179436834,0.2684563758389262,0.2214765100671141
lex_rank_summary,0.23467783197864062,0.3601440997274331,0.28523489932885904,0.22818791946308725
lsa_summary,0.1909021779235142,0.28963941556474304,0.33557046979865773,0.2483221476510067
