,summa_qa_avg_prob,summa_qa_avg_fscore,blanc_help,blanc_tune
random_summary,0.2593487951648878,0.28431372549019607,0.20384615384615384,0.1423076923076923
luhn_summary,0.24636788111107022,0.30686274509803924,0.27692307692307694,0.2
kl_summary,0.19033793765394127,0.06596383200385626,0.2,0.17307692307692307
reduction_summary,0.19368358575465047,0.31045751633986923,0.21923076923076923,0.1576923076923077
text_rank_summary,0.20759223858077153,0.21568627450980393,0.27692307692307694,0.2076923076923077
lex_rank_summary,0.2462709697474744,0.2851765421170748,0.23076923076923078,0.18461538461538463
lsa_summary,0.2766102633859013,0.2829928241692948,0.25769230769230766,0.23846153846153847
