,summa_qa_avg_prob,summa_qa_avg_fscore,blanc_help,blanc_tune
random_summary,0.29411002359277494,0.14131274131274132,0.24285714285714285,0.18571428571428572
luhn_summary,0.24421016076529348,0.15289575289575288,0.3380952380952381,0.21428571428571427
kl_summary,0.2584465910504396,0.16833976833976835,0.3523809523809524,0.2571428571428571
reduction_summary,0.4010296294818053,0.21698841698841698,0.44285714285714284,0.3333333333333333
text_rank_summary,0.4010296294818053,0.21698841698841698,0.44285714285714284,0.3333333333333333
lex_rank_summary,0.3282009063137544,0.14131274131274132,0.19523809523809524,0.11904761904761904
lsa_summary,0.3164199828799512,0.2110916110916111,0.45714285714285713,0.3761904761904762
