,summa_qa_avg_prob,summa_qa_avg_fscore,blanc_help,blanc_tune
random_summary,0.14355333456424652,0.19668869142553352,0.29283489096573206,0.2087227414330218
luhn_summary,0.17422608582785837,0.31344354151371695,0.32398753894080995,0.22429906542056074
kl_summary,0.09222824657680811,0.0889445836814258,0.32710280373831774,0.2336448598130841
reduction_summary,0.06321939939839973,0.11180664232307425,0.2554517133956386,0.1806853582554517
text_rank_summary,0.05958333980568029,0.11141469338190649,0.2834890965732087,0.22741433021806853
lex_rank_summary,0.07157362711236433,0.1111111111111111,0.22429906542056074,0.18691588785046728
lsa_summary,0.37699873422927876,0.48213866855411935,0.30218068535825543,0.24299065420560748
