,summa_qa_avg_prob,summa_qa_avg_fscore,blanc_help,blanc_tune
random_summary,0.27115122322568,0.447452300785634,0.2523961661341853,0.19808306709265175
luhn_summary,0.22071104321950746,0.41981381104953264,0.26198083067092653,0.20766773162939298
kl_summary,0.17558938474681826,0.32963465432601236,0.26517571884984026,0.19808306709265175
reduction_summary,0.20599182501412283,0.4045662156773268,0.25878594249201275,0.1597444089456869
text_rank_summary,0.21003486130984478,0.41143476718440325,0.28753993610223644,0.1853035143769968
lex_rank_summary,0.20183710504990118,0.3554993461311544,0.22044728434504793,0.17252396166134185
lsa_summary,0.18629993391683164,0.30759892371003483,0.26517571884984026,0.18849840255591055
