,summa_qa_avg_prob,summa_qa_avg_fscore,blanc_help,blanc_tune
random_summary,0.22651746373490564,0.27204265293589486,0.16428571428571428,0.16428571428571428
luhn_summary,0.3152108270164934,0.4255196523053666,0.2392857142857143,0.225
kl_summary,0.24648348231511635,0.31509917376912455,0.16071428571428573,0.1357142857142857
reduction_summary,0.2987557141764444,0.4320542388192857,0.225,0.2571428571428571
text_rank_summary,0.2820116857044576,0.3907337160578232,0.22857142857142856,0.24285714285714285
lex_rank_summary,0.32221324719666017,0.41865498351060026,0.22857142857142856,0.23214285714285715
lsa_summary,0.19117338058450037,0.2218928899200656,0.21428571428571427,0.16785714285714284
