,summa_qa_avg_prob,summa_qa_avg_fscore,blanc_help,blanc_tune
random_summary,0.1821831833726416,0.060555555555555564,0.18835616438356165,0.1404109589041096
luhn_summary,0.13432134763958553,0.20322222222222222,0.3321917808219178,0.2705479452054795
kl_summary,0.21697573030057052,0.08222222222222222,0.21575342465753425,0.17465753424657535
reduction_summary,0.10092812416454157,0.030000000000000002,0.3493150684931507,0.2465753424657534
text_rank_summary,0.11523842907821139,0.11333333333333333,0.3458904109589041,0.2636986301369863
lex_rank_summary,0.17748945631707708,0.139247311827957,0.2534246575342466,0.2226027397260274
lsa_summary,0.15606969497166573,0.246,0.3013698630136986,0.2534246575342466
