,summa_qa_avg_prob,summa_qa_avg_fscore,blanc_help,blanc_tune
random_summary,0.16078314852998837,0.14915413533834587,0.2847222222222222,0.21875
luhn_summary,0.26907777406373307,0.3695148803182044,0.2986111111111111,0.2361111111111111
kl_summary,0.10203478502501782,0.14912280701754388,0.2465277777777778,0.1597222222222222
reduction_summary,0.2153480570934909,0.3300944669365722,0.2708333333333333,0.2152777777777778
text_rank_summary,0.18211687495931983,0.3020242914979757,0.2638888888888889,0.22569444444444445
lex_rank_summary,0.26672846659723864,0.34335631177736436,0.23958333333333334,0.21180555555555555
lsa_summary,0.23381743937926858,0.21526412184306923,0.2916666666666667,0.3020833333333333
