,summa_qa_avg_prob,summa_qa_avg_fscore,blanc_help,blanc_tune
random_summary,0.17783067113130677,0.3107723111683384,0.18493150684931506,0.1541095890410959
luhn_summary,0.20760217325153704,0.3678999571856714,0.21232876712328766,0.1643835616438356
kl_summary,0.1544728936456448,0.2807571183670762,0.18493150684931506,0.10273972602739725
reduction_summary,0.20812487001150695,0.2983840129516821,0.19863013698630136,0.136986301369863
text_rank_summary,0.22782365020307505,0.41124509528517844,0.1917808219178082,0.17465753424657535
lex_rank_summary,0.26403303402571043,0.39959872409601876,0.1780821917808219,0.16095890410958905
lsa_summary,0.2424913022016194,0.3820520836095487,0.2842465753424658,0.22602739726027396
