,summa_qa_avg_prob,summa_qa_avg_fscore,blanc_help,blanc_tune
random_summary,0.025200530582179245,0.023156059397277197,0.05741626794258373,0.028708133971291867
luhn_summary,0.029911287003554977,0.004304359900027769,0.07177033492822966,0.08133971291866028
kl_summary,0.029911287003554977,0.004304359900027769,0.07177033492822966,0.07655502392344497
reduction_summary,0.1099878502293275,0.03146374186221348,0.20095693779904306,0.13875598086124402
text_rank_summary,0.1099878502293275,0.03146374186221348,0.20095693779904306,0.14354066985645933
lex_rank_summary,0.049432152040446035,0.06858974358974358,0.06698564593301436,0.06220095693779904
lsa_summary,0.049432152040446035,0.06858974358974358,0.06698564593301436,0.06698564593301436
