,summa_qa_avg_prob,summa_qa_avg_fscore,blanc_help,blanc_tune
random_summary,0.18940811746076427,0.28287435834605645,0.2161290322580645,0.17419354838709677
luhn_summary,0.24311400497900684,0.30681413575285554,0.2645161290322581,0.1935483870967742
kl_summary,0.27675531379418905,0.31700146636376325,0.27741935483870966,0.23548387096774193
reduction_summary,0.15661101275450223,0.27327544829571704,0.25483870967741934,0.2129032258064516
text_rank_summary,0.19095703751429335,0.2869565775593456,0.2806451612903226,0.1935483870967742
lex_rank_summary,0.25271737533198163,0.2898582338497155,0.20967741935483872,0.13870967741935483
lsa_summary,0.26426310332903225,0.3132534132534132,0.21935483870967742,0.17419354838709677
