,summa_qa_avg_prob,summa_qa_avg_fscore,blanc_help,blanc_tune
random_summary,0.10582663589674565,0.11653116531165313,0.22442244224422442,0.20462046204620463
luhn_summary,0.11386112558345,0.2222222222222222,0.25742574257425743,0.25412541254125415
kl_summary,0.17501473675171533,0.11487758945386063,0.19471947194719472,0.16501650165016502
reduction_summary,0.049810934656610094,0.0027777777777777775,0.26732673267326734,0.22442244224422442
text_rank_summary,0.1541667670632402,0.3333333333333333,0.24752475247524752,0.27722772277227725
lex_rank_summary,0.3289290518603391,0.3333333333333333,0.22772277227722773,0.22112211221122113
lsa_summary,0.09251913759443495,0.015873015873015876,0.2739273927392739,0.30363036303630364
