,summa_qa_avg_prob,summa_qa_avg_fscore,blanc_help,blanc_tune
random_summary,0.16141736851041688,0.22750367817067457,0.24752475247524752,0.21122112211221122
luhn_summary,0.10393418395763328,0.15921323727463815,0.30033003300330036,0.22112211221122113
kl_summary,0.2024065177973317,0.29207132800466734,0.23102310231023102,0.19141914191419143
reduction_summary,0.10831100138268251,0.1633895796670951,0.28052805280528054,0.22442244224422442
text_rank_summary,0.11654957541767721,0.16352526214351581,0.3102310231023102,0.24752475247524752
lex_rank_summary,0.13600270822644234,0.17851674291077202,0.3201320132013201,0.2706270627062706
lsa_summary,0.19982545866748724,0.28810823915673195,0.2079207920792079,0.15181518151815182
