,summa_qa_avg_prob,summa_qa_avg_fscore,blanc_help,blanc_tune
random_summary,0.28857494527246896,0.23770809136662796,0.27699530516431925,0.215962441314554
luhn_summary,0.3200739395191393,0.34682085419464886,0.29577464788732394,0.22535211267605634
kl_summary,0.21097339035534277,0.17340802116155132,0.3333333333333333,0.20187793427230047
reduction_summary,0.33100578629570765,0.31216344630978776,0.26291079812206575,0.18779342723004694
text_rank_summary,0.35475521720945835,0.3151444761200859,0.2863849765258216,0.2112676056338028
lex_rank_summary,0.3701956938134461,0.3345804062473785,0.25821596244131456,0.20187793427230047
lsa_summary,0.3887706538094435,0.2878048780487805,0.3192488262910798,0.2535211267605634
