,summa_qa_avg_prob,summa_qa_avg_fscore,blanc_help,blanc_tune
random_summary,0.1902897872893912,0.19356562700445618,0.2225705329153605,0.19122257053291536
luhn_summary,0.16703451469131722,0.17011021978738666,0.30407523510971785,0.25705329153605017
kl_summary,0.16645651917177728,0.15794517655878373,0.19435736677115986,0.1786833855799373
reduction_summary,0.15812367668784247,0.19212854312637723,0.2601880877742947,0.219435736677116
text_rank_summary,0.23664744482262107,0.23966623876765084,0.25705329153605017,0.23197492163009403
lex_rank_summary,0.18178936816388513,0.161965016733902,0.2225705329153605,0.1536050156739812
lsa_summary,0.28576274953282826,0.27105159762221764,0.2727272727272727,0.25705329153605017
