,summa_qa_avg_prob,summa_qa_avg_fscore,blanc_help,blanc_tune
random_summary,0.22807279530801436,0.40083465729821655,0.2214765100671141,0.1644295302013423
luhn_summary,0.29151707348316463,0.3613732475886386,0.2214765100671141,0.1342281879194631
kl_summary,0.1929070523370113,0.17423355423946527,0.20134228187919462,0.15771812080536912
reduction_summary,0.24862862297736887,0.3807654381764341,0.1912751677852349,0.10067114093959731
text_rank_summary,0.30341129007735357,0.3623764466790715,0.2181208053691275,0.15771812080536912
lex_rank_summary,0.26949311767829887,0.33079085094010463,0.20134228187919462,0.14093959731543623
lsa_summary,0.21626863393015158,0.3841679906315499,0.2651006711409396,0.22483221476510068
