,summa_qa_avg_prob,summa_qa_avg_fscore,blanc_help,blanc_tune
random_summary,0.26596878210834246,0.3350877192982456,0.22324159021406728,0.19877675840978593
luhn_summary,0.2748268239951709,0.3230969986950848,0.26605504587155965,0.22324159021406728
kl_summary,0.2734975918898718,0.30185339502104414,0.21712538226299694,0.19571865443425077
reduction_summary,0.28181329782921494,0.3731272626009468,0.26299694189602446,0.1926605504587156
text_rank_summary,0.3483026578221797,0.4281945999751151,0.28440366972477066,0.21406727828746178
lex_rank_summary,0.25868193811753337,0.30890061120064777,0.24770642201834864,0.17737003058103976
lsa_summary,0.37275923350662515,0.4077473297568991,0.2691131498470948,0.23853211009174313
