,summa_qa_avg_prob,summa_qa_avg_fscore,blanc_help,blanc_tune
random_summary,0.19673782522034533,0.27699250658253505,0.3665480427046263,0.302491103202847
luhn_summary,0.2199868971025044,0.17103117792476175,0.34519572953736655,0.302491103202847
kl_summary,0.21404687465906566,0.34414120994309666,0.36298932384341637,0.33807829181494664
reduction_summary,0.21652118231714615,0.26029494702533434,0.34519572953736655,0.2775800711743772
text_rank_summary,0.21652118231714615,0.26029494702533434,0.34519572953736655,0.29537366548042704
lex_rank_summary,0.23751125795731567,0.36483270267193485,0.4234875444839858,0.2918149466192171
lsa_summary,0.2596734406004818,0.26211279626931183,0.3594306049822064,0.25622775800711745
