,summa_qa_avg_prob,summa_qa_avg_fscore,blanc_help,blanc_tune
random_summary,0.22401939431319431,0.1119830471871288,0.23961661341853036,0.20766773162939298
luhn_summary,0.22155248369945554,0.153488824101069,0.3450479233226837,0.26198083067092653
kl_summary,0.16357661036736504,0.17910592808551995,0.28434504792332266,0.2364217252396166
reduction_summary,0.23256766668767953,0.13774337645898732,0.2779552715654952,0.21725239616613418
text_rank_summary,0.2205343601883066,0.17356656948493687,0.34185303514376997,0.2364217252396166
lex_rank_summary,0.17373200529730137,0.18657924708344878,0.26517571884984026,0.19169329073482427
lsa_summary,0.15668964686290343,0.15000505825697905,0.3450479233226837,0.26517571884984026
