,summa_qa_avg_prob,summa_qa_avg_fscore,blanc_help,blanc_tune
random_summary,,,0.058823529411764705,0.2608695652173913
luhn_summary,,,0.058823529411764705,0.6521739130434783
kl_summary,,,0.058823529411764705,0.43478260869565216
reduction_summary,,,0.058823529411764705,0.7391304347826086
text_rank_summary,,,0.058823529411764705,0.6086956521739131
lex_rank_summary,,,0.0,0.043478260869565216
lsa_summary,,,0.0,0.17391304347826086
